{"stat.pickup.minecraft.double_plant":1,"stat.walkOneCm":43286,"stat.killEntity.Chicken":1,"stat.leaveGame":1,"stat.pickup.minecraft.feather":1,"stat.damageTaken":60,"stat.mineBlock.minecraft.double_plant":2,"stat.useItem.minecraft.cooked_porkchop":2,"stat.mobKills":2,"stat.flyOneCm":18119,"stat.pickup.minecraft.wheat_seeds":1,"stat.jump":175,"stat.mineBlock.minecraft.leaves":4,"stat.swimOneCm":2279,"stat.playOneMinute":10497,"stat.fallOneCm":3098,"stat.pickup.minecraft.cooked_porkchop":3,"stat.sneakTime":11,"stat.pickup.minecraft.wool":1,"stat.damageDealt":70,"stat.pickup.minecraft.chicken":1,"stat.crouchOneCm":91,"stat.timeSinceDeath":10497,"stat.pickup.minecraft.dirt":1,"stat.sprintOneCm":72722,"stat.mineBlock.minecraft.dirt":3,"stat.mineBlock.minecraft.tallgrass":23,"stat.diveOneCm":6713,"stat.pickup.minecraft.mutton":3}