{"stat.pickup.minecraft.double_plant":2,"stat.walkOneCm":66095,"stat.killEntity.Chicken":1,"stat.leaveGame":2,"stat.pickup.minecraft.feather":1,"stat.damageTaken":90,"stat.mineBlock.minecraft.red_flower":3,"stat.mineBlock.minecraft.double_plant":9,"stat.useItem.minecraft.cooked_porkchop":3,"stat.mobKills":2,"stat.flyOneCm":31256,"stat.pickup.minecraft.wheat_seeds":4,"stat.jump":307,"stat.mineBlock.minecraft.leaves":4,"stat.swimOneCm":3236,"stat.playOneMinute":16836,"stat.fallOneCm":4679,"stat.pickup.minecraft.red_flower":3,"stat.pickup.minecraft.cooked_porkchop":3,"stat.sneakTime":11,"stat.pickup.minecraft.wool":1,"stat.damageDealt":70,"stat.pickup.minecraft.chicken":1,"stat.crouchOneCm":91,"stat.timeSinceDeath":16836,"stat.pickup.minecraft.dirt":2,"stat.sprintOneCm":140088,"stat.mineBlock.minecraft.dirt":4,"stat.useItem.minecraft.stone_slab2":1,"stat.mineBlock.minecraft.tallgrass":54,"stat.diveOneCm":10320,"stat.pickup.minecraft.mutton":3}