{
  "minecraft:recipes/building_blocks/purple_wool": {
    "criteria": {
      "has_white_wool": "2024-08-05 09:13:30 +0000"
    },
    "done": true
  },
  "biomesoplenty:recipes/transportation/boat_mahogany": {
    "criteria": {
      "entered_water": "2024-08-05 09:46:09 +0000"
    },
    "done": true
  },
  "minecraft:recipes/building_blocks/lime_wool": {
    "criteria": {
      "has_white_wool": "2024-08-05 09:13:30 +0000"
    },
    "done": true
  },
  "pixelmon:recipes/decorative/red_umbrella": {
    "criteria": {
      "has_wool": "2024-08-05 09:13:30 +0000"
    },
    "done": true
  },
  "minecraft:recipes/misc/magenta_dye_from_lilac": {
    "criteria": {
      "has_double_plant": "2024-08-05 09:46:35 +0000"
    },
    "done": true
  },
  "pixelmon:recipes/decorative/pink_rug": {
    "criteria": {
      "has_wool": "2024-08-05 09:13:30 +0000"
    },
    "done": true
  },
  "minecraft:recipes/building_blocks/black_wool": {
    "criteria": {
      "has_white_wool": "2024-08-05 09:13:30 +0000"
    },
    "done": true
  },
  "minecraft:recipes/building_blocks/blue_wool": {
    "criteria": {
      "has_white_wool": "2024-08-05 09:13:30 +0000"
    },
    "done": true
  },
  "pixelmon:recipes/decorative/pink_umbrella": {
    "criteria": {
      "has_wool": "2024-08-05 09:13:30 +0000"
    },
    "done": true
  },
  "minecraft:recipes/decorations/white_bed": {
    "criteria": {
      "has_white_wool": "2024-08-05 09:13:30 +0000"
    },
    "done": true
  },
  "minecraft:recipes/building_blocks/green_wool": {
    "criteria": {
      "has_white_wool": "2024-08-05 09:13:30 +0000"
    },
    "done": true
  },
  "pixelmon:recipes/decorative/orange_rug": {
    "criteria": {
      "has_wool": "2024-08-05 09:13:30 +0000"
    },
    "done": true
  },
  "pixelmon:recipes/decorative/blue_umbrella": {
    "criteria": {
      "has_wool": "2024-08-05 09:13:30 +0000"
    },
    "done": true
  },
  "pixelmon:recipes/decorative/white_rug": {
    "criteria": {
      "has_wool": "2024-08-05 09:13:30 +0000"
    },
    "done": true
  },
  "minecraft:recipes/building_blocks/brown_wool": {
    "criteria": {
      "has_white_wool": "2024-08-05 09:13:30 +0000"
    },
    "done": true
  },
  "minecraft:adventure/adventuring_time": {
    "criteria": {
      "forest": "2024-08-05 09:49:14 +0000",
      "forest_hills": "2024-08-05 09:12:47 +0000",
      "plains": "2024-08-05 09:11:29 +0000",
      "river": "2024-08-05 09:13:10 +0000"
    },
    "done": false
  },
  "pixelmon:recipes/decorative/black_cushion_chair": {
    "criteria": {
      "has_wool": "2024-08-05 09:13:30 +0000"
    },
    "done": true
  },
  "biomesoplenty:recipes/transportation/boat_fir": {
    "criteria": {
      "entered_water": "2024-08-05 09:46:09 +0000"
    },
    "done": true
  },
  "minecraft:recipes/building_blocks/magenta_wool": {
    "criteria": {
      "has_white_wool": "2024-08-05 09:13:30 +0000"
    },
    "done": true
  },
  "minecraft:recipes/building_blocks/orange_wool": {
    "criteria": {
      "has_white_wool": "2024-08-05 09:13:30 +0000"
    },
    "done": true
  },
  "pixelmon:recipes/decorative/gray_cushion_chair": {
    "criteria": {
      "has_wool": "2024-08-05 09:13:30 +0000"
    },
    "done": true
  },
  "minecraft:husbandry/root": {
    "criteria": {
      "consumed_item": "2024-08-05 09:47:35 +0000"
    },
    "done": true
  },
  "pixelmon:recipes/decorative/yellow_cushion_chair": {
    "criteria": {
      "has_wool": "2024-08-05 09:13:30 +0000"
    },
    "done": true
  },
  "minecraft:recipes/transportation/birch_boat": {
    "criteria": {
      "entered_water": "2024-08-05 09:13:08 +0000"
    },
    "done": true
  },
  "pixelmon:recipes/decorative/gray_umbrella": {
    "criteria": {
      "has_wool": "2024-08-05 09:13:30 +0000"
    },
    "done": true
  },
  "pixelmon:recipes/decorative/blue_rug": {
    "criteria": {
      "has_wool": "2024-08-05 09:13:30 +0000"
    },
    "done": true
  },
  "minecraft:recipes/decorations/painting": {
    "criteria": {
      "has_wool": "2024-08-05 09:13:30 +0000"
    },
    "done": true
  },
  "biomesoplenty:recipes/transportation/boat_willow": {
    "criteria": {
      "entered_water": "2024-08-05 09:46:09 +0000"
    },
    "done": true
  },
  "pixelmon:recipes/decorative/green_rug": {
    "criteria": {
      "has_wool": "2024-08-05 09:13:30 +0000"
    },
    "done": true
  },
  "biomesoplenty:recipes/transportation/boat_sacred_oak": {
    "criteria": {
      "entered_water": "2024-08-05 09:46:09 +0000"
    },
    "done": true
  },
  "minecraft:recipes/transportation/acacia_boat": {
    "criteria": {
      "entered_water": "2024-08-05 09:13:08 +0000"
    },
    "done": true
  },
  "pixelmon:recipes/decorative/cyan_umbrella": {
    "criteria": {
      "has_wool": "2024-08-05 09:13:30 +0000"
    },
    "done": true
  },
  "biomesoplenty:recipes/transportation/boat_pine": {
    "criteria": {
      "entered_water": "2024-08-05 09:46:09 +0000"
    },
    "done": true
  },
  "minecraft:recipes/building_blocks/cyan_wool": {
    "criteria": {
      "has_white_wool": "2024-08-05 09:13:30 +0000"
    },
    "done": true
  },
  "biomesoplenty:recipes/transportation/boat_redwood": {
    "criteria": {
      "entered_water": "2024-08-05 09:46:09 +0000"
    },
    "done": true
  },
  "minecraft:recipes/combat/arrow": {
    "criteria": {
      "has_feather": "2024-08-05 09:45:35 +0000"
    },
    "done": true
  },
  "minecraft:adventure/root": {
    "criteria": {
      "killed_something": "2024-08-05 09:45:35 +0000"
    },
    "done": true
  },
  "minecraft:recipes/transportation/boat": {
    "criteria": {
      "entered_water": "2024-08-05 09:13:08 +0000"
    },
    "done": true
  },
  "minecraft:recipes/transportation/jungle_boat": {
    "criteria": {
      "entered_water": "2024-08-05 09:13:08 +0000"
    },
    "done": true
  },
  "minecraft:recipes/transportation/spruce_boat": {
    "criteria": {
      "entered_water": "2024-08-05 09:13:08 +0000"
    },
    "done": true
  },
  "pixelmon:recipes/decorative/white_folding_chair": {
    "criteria": {
      "has_wool": "2024-08-05 09:13:30 +0000"
    },
    "done": true
  },
  "pixelmon:recipes/decorative/red_rug": {
    "criteria": {
      "has_wool": "2024-08-05 09:13:30 +0000"
    },
    "done": true
  },
  "minecraft:recipes/building_blocks/light_blue_wool": {
    "criteria": {
      "has_white_wool": "2024-08-05 09:13:30 +0000"
    },
    "done": true
  },
  "pixelmon:recipes/decorative/brown_rug": {
    "criteria": {
      "has_wool": "2024-08-05 09:13:30 +0000"
    },
    "done": true
  },
  "pixelmon:recipes/decorative/purple_cushion_chair": {
    "criteria": {
      "has_wool": "2024-08-05 09:13:30 +0000"
    },
    "done": true
  },
  "pixelmon:recipes/decorative/cyan_rug": {
    "criteria": {
      "has_wool": "2024-08-05 09:13:30 +0000"
    },
    "done": true
  },
  "biomesoplenty:recipes/transportation/boat_ethereal": {
    "criteria": {
      "entered_water": "2024-08-05 09:46:09 +0000"
    },
    "done": true
  },
  "minecraft:recipes/transportation/dark_oak_boat": {
    "criteria": {
      "entered_water": "2024-08-05 09:13:08 +0000"
    },
    "done": true
  },
  "pixelmon:recipes/decorative/purple_rug": {
    "criteria": {
      "has_wool": "2024-08-05 09:13:30 +0000"
    },
    "done": true
  },
  "biomesoplenty:recipes/transportation/boat_cherry": {
    "criteria": {
      "entered_water": "2024-08-05 09:46:09 +0000"
    },
    "done": true
  },
  "minecraft:recipes/building_blocks/pink_wool": {
    "criteria": {
      "has_white_wool": "2024-08-05 09:13:30 +0000"
    },
    "done": true
  },
  "biomesoplenty:recipes/transportation/boat_jacaranda": {
    "criteria": {
      "entered_water": "2024-08-05 09:46:09 +0000"
    },
    "done": true
  },
  "pixelmon:recipes/decorative/white_cushion_chair": {
    "criteria": {
      "has_wool": "2024-08-05 09:13:30 +0000"
    },
    "done": true
  },
  "biomesoplenty:recipes/transportation/boat_umbran": {
    "criteria": {
      "entered_water": "2024-08-05 09:46:09 +0000"
    },
    "done": true
  },
  "minecraft:recipes/building_blocks/gray_wool": {
    "criteria": {
      "has_white_wool": "2024-08-05 09:13:30 +0000"
    },
    "done": true
  },
  "pixelmon:recipes/decorative/black_umbrella": {
    "criteria": {
      "has_wool": "2024-08-05 09:13:30 +0000"
    },
    "done": true
  },
  "pixelmon:recipes/decorative/yellow_umbrella": {
    "criteria": {
      "has_wool": "2024-08-05 09:13:30 +0000"
    },
    "done": true
  },
  "pixelmon:recipes/decorative/purple_umbrella": {
    "criteria": {
      "has_wool": "2024-08-05 09:13:30 +0000"
    },
    "done": true
  },
  "minecraft:husbandry/balanced_diet": {
    "criteria": {
      "cooked_porkchop": "2024-08-05 09:47:35 +0000"
    },
    "done": false
  },
  "pixelmon:recipes/decorative/cyan_cushion_chair": {
    "criteria": {
      "has_wool": "2024-08-05 09:13:30 +0000"
    },
    "done": true
  },
  "minecraft:recipes/decorations/white_carpet": {
    "criteria": {
      "has_white_wool": "2024-08-05 09:13:30 +0000"
    },
    "done": true
  },
  "minecraft:recipes/misc/light_gray_dye_from_azure_bluet": {
    "criteria": {
      "has_red_flower": "2024-08-05 09:53:54 +0000"
    },
    "done": true
  },
  "pixelmon:pokedex/pokedex_trigger": {
    "criteria": {
      "pokedex_base": "2024-08-05 09:11:38 +0000"
    },
    "done": true
  },
  "pixelmon:recipes/decorative/blue_cushion_chair": {
    "criteria": {
      "has_wool": "2024-08-05 09:13:30 +0000"
    },
    "done": true
  },
  "pixelmon:recipes/decorative/green_umbrella": {
    "criteria": {
      "has_wool": "2024-08-05 09:13:30 +0000"
    },
    "done": true
  },
  "pixelmon:recipes/decorative/gray_rug": {
    "criteria": {
      "has_wool": "2024-08-05 09:13:30 +0000"
    },
    "done": true
  },
  "biomesoplenty:biomesoplenty/root": {
    "criteria": {
      "yellow_flower": "2024-08-05 09:53:54 +0000",
      "red_flower": "2024-08-05 09:53:54 +0000"
    },
    "done": true
  },
  "pixelmon:recipes/decorative/white_umbrella": {
    "criteria": {
      "has_wool": "2024-08-05 09:13:30 +0000"
    },
    "done": true
  },
  "pixelmon:recipes/decorative/pink_cushion_chair": {
    "criteria": {
      "has_wool": "2024-08-05 09:13:30 +0000"
    },
    "done": true
  },
  "pixelmon:recipes/decorative/orange_umbrella": {
    "criteria": {
      "has_wool": "2024-08-05 09:13:30 +0000"
    },
    "done": true
  },
  "pixelmon:recipes/decorative/yellow_rug": {
    "criteria": {
      "has_wool": "2024-08-05 09:13:30 +0000"
    },
    "done": true
  },
  "biomesoplenty:recipes/transportation/boat_magic": {
    "criteria": {
      "entered_water": "2024-08-05 09:46:09 +0000"
    },
    "done": true
  },
  "biomesoplenty:recipes/transportation/boat_ebony": {
    "criteria": {
      "entered_water": "2024-08-05 09:46:09 +0000"
    },
    "done": true
  },
  "pixelmon:recipes/decorative/red_cushion_chair": {
    "criteria": {
      "has_wool": "2024-08-05 09:13:30 +0000"
    },
    "done": true
  },
  "biomesoplenty:recipes/transportation/boat_hellbark": {
    "criteria": {
      "entered_water": "2024-08-05 09:46:09 +0000"
    },
    "done": true
  },
  "minecraft:recipes/building_blocks/light_gray_wool": {
    "criteria": {
      "has_white_wool": "2024-08-05 09:13:30 +0000"
    },
    "done": true
  },
  "biomesoplenty:recipes/transportation/boat_mangrove": {
    "criteria": {
      "entered_water": "2024-08-05 09:46:09 +0000"
    },
    "done": true
  },
  "minecraft:recipes/building_blocks/red_wool": {
    "criteria": {
      "has_white_wool": "2024-08-05 09:13:30 +0000"
    },
    "done": true
  },
  "minecraft:recipes/decorations/white_banner": {
    "criteria": {
      "has_white_wool": "2024-08-05 09:13:30 +0000"
    },
    "done": true
  },
  "biomesoplenty:recipes/transportation/boat_palm": {
    "criteria": {
      "entered_water": "2024-08-05 09:46:09 +0000"
    },
    "done": true
  },
  "minecraft:recipes/building_blocks/yellow_wool": {
    "criteria": {
      "has_white_wool": "2024-08-05 09:13:30 +0000"
    },
    "done": true
  },
  "pixelmon:recipes/decorative/orange_cushion_chair": {
    "criteria": {
      "has_wool": "2024-08-05 09:13:30 +0000"
    },
    "done": true
  },
  "biomesoplenty:recipes/transportation/boat_eucalyptus": {
    "criteria": {
      "entered_water": "2024-08-05 09:46:09 +0000"
    },
    "done": true
  },
  "pixelmon:recipes/decorative/brown_cushion_chair": {
    "criteria": {
      "has_wool": "2024-08-05 09:13:30 +0000"
    },
    "done": true
  },
  "pixelmon:recipes/decorative/brown_umbrella": {
    "criteria": {
      "has_wool": "2024-08-05 09:13:30 +0000"
    },
    "done": true
  },
  "pixelmon:recipes/decorative/black_rug": {
    "criteria": {
      "has_wool": "2024-08-05 09:13:30 +0000"
    },
    "done": true
  },
  "pixelmon:recipes/decorative/green_cushion_chair": {
    "criteria": {
      "has_wool": "2024-08-05 09:13:30 +0000"
    },
    "done": true
  }
}